{
  "project_info": {
    "project_number": "745110412996",
    "firebase_url": "https://android5779quickly.firebaseio.com",
    "project_id": "android5779quickly",
    "storage_bucket": "android5779quickly.appspot.com"
  },
  "client": [
    {
      "client_info": {
        "mobilesdk_app_id": "1:745110412996:android:a00f4a2b8fa2c881",
        "android_client_info": {
          "package_name": "com.example.morganeankonina.android5779quickly1_3884_9325_5513"
        }
      },
      "oauth_client": [
        {
          "client_id": "745110412996-mpcvposaof8b5r5u2m4b5f838ht3q00c.apps.googleusercontent.com",
          "client_type": 1,
          "android_info": {
            "package_name": "com.example.morganeankonina.android5779quickly1_3884_9325_5513",
            "certificate_hash": "40662eaa848e6cd2305a7600e4f3c08305140f51"
          }
        },
        {
          "client_id": "745110412996-s07hugtr8m3p0pqvr6phl95mtgjnk3vt.apps.googleusercontent.com",
          "client_type": 3
        }
      ],
      "api_key": [
        {
          "current_key": "AIzaSyCFG8uyocbEJcEOsAY7z6cTjOTfHY9urxc"
        }
      ],
      "services": {
        "analytics_service": {
          "status": 1
        },
        "appinvite_service": {
          "status": 2,
          "other_platform_oauth_client": [
            {
              "client_id": "745110412996-s07hugtr8m3p0pqvr6phl95mtgjnk3vt.apps.googleusercontent.com",
              "client_type": 3
            }
          ]
        },
        "ads_service": {
          "status": 2
        }
      }
    },
    {
      "client_info": {
        "mobilesdk_app_id": "1:745110412996:android:e8643aa0a10c4b85",
        "android_client_info": {
          "package_name": "com.example.morganeankonina.android5779quickly_3884_9325_5513"
        }
      },
      "oauth_client": [
        {
          "client_id": "745110412996-q8ub7q8epn7i76jvjo3pvvbui9u5q16q.apps.googleusercontent.com",
          "client_type": 1,
          "android_info": {
            "package_name": "com.example.morganeankonina.android5779quickly_3884_9325_5513",
            "certificate_hash": "40662eaa848e6cd2305a7600e4f3c08305140f51"
          }
        },
        {
          "client_id": "745110412996-s07hugtr8m3p0pqvr6phl95mtgjnk3vt.apps.googleusercontent.com",
          "client_type": 3
        }
      ],
      "api_key": [
        {
          "current_key": "AIzaSyCFG8uyocbEJcEOsAY7z6cTjOTfHY9urxc"
        }
      ],
      "services": {
        "analytics_service": {
          "status": 1
        },
        "appinvite_service": {
          "status": 2,
          "other_platform_oauth_client": [
            {
              "client_id": "745110412996-s07hugtr8m3p0pqvr6phl95mtgjnk3vt.apps.googleusercontent.com",
              "client_type": 3
            }
          ]
        },
        "ads_service": {
          "status": 2
        }
      }
    }
  ],
  "configuration_version": "1"
}